[
    {
        "image_path": "/workspace/tm_robot/hand_eye_data/image_20250722_053818_698247.png",
        "pose": {
            "position": {
                "x": 0.536275390625,
                "y": 0.04905873107910157,
                "z": 0.27605120849609377
            },
            "orientation": {
                "x": 0.721638397596774,
                "y": 0.6921196133418517,
                "z": 0.005903664712610423,
                "w": 0.013176140726603095
            }
        }
    },
    {
        "image_path": "/workspace/tm_robot/hand_eye_data/image_20250722_053851_970741.png",
        "pose": {
            "position": {
                "x": 0.34929141235351563,
                "y": -0.027722015380859374,
                "z": 0.25836236572265625
            },
            "orientation": {
                "x": 0.696092222554429,
                "y": 0.6914144630348686,
                "z": 0.1401803850066252,
                "w": 0.133233320400093
            }
        }
    },
    {
        "image_path": "/workspace/tm_robot/hand_eye_data/image_20250722_053904_109145.png",
        "pose": {
            "position": {
                "x": 0.3422388916015625,
                "y": 0.09013632965087891,
                "z": 0.2669224243164063
            },
            "orientation": {
                "x": 0.7084787277742421,
                "y": 0.6594546539160951,
                "z": 0.06953142973656858,
                "w": 0.24154260907463737
            }
        }
    },
    {
        "image_path": "/workspace/tm_robot/hand_eye_data/image_20250722_053914_412932.png",
        "pose": {
            "position": {
                "x": 0.3567989501953125,
                "y": 0.2869840087890625,
                "z": 0.314788330078125
            },
            "orientation": {
                "x": 0.832900998733395,
                "y": 0.5137841156036915,
                "z": 0.09228484272510276,
                "w": 0.18380782536510382
            }
        }
    },
    {
        "image_path": "/workspace/tm_robot/hand_eye_data/image_20250722_053922_309051.png",
        "pose": {
            "position": {
                "x": 0.45237637329101565,
                "y": 0.31203839111328124,
                "z": 0.33406069946289063
            },
            "orientation": {
                "x": 0.7342620556060722,
                "y": 0.661553434586862,
                "z": -0.05531048913689646,
                "w": 0.14194025741455152
            }
        }
    },
    {
        "image_path": "/workspace/tm_robot/hand_eye_data/image_20250722_053929_037234.png",
        "pose": {
            "position": {
                "x": 0.5771595458984375,
                "y": 0.26437225341796877,
                "z": 0.3513929443359375
            },
            "orientation": {
                "x": -0.7344435560513407,
                "y": -0.622767871477793,
                "z": 0.20581264130442858,
                "w": -0.1743387447154961
            }
        }
    },
    {
        "image_path": "/workspace/tm_robot/hand_eye_data/image_20250722_053936_918683.png",
        "pose": {
            "position": {
                "x": 0.6182691040039062,
                "y": 0.20310433959960938,
                "z": 0.35557711791992186
            },
            "orientation": {
                "x": -0.7566802083952908,
                "y": -0.566792627857341,
                "z": 0.28008516829267394,
                "w": -0.16653371349938018
            }
        }
    },
    {
        "image_path": "/workspace/tm_robot/hand_eye_data/image_20250722_053946_305975.png",
        "pose": {
            "position": {
                "x": 0.7145703735351563,
                "y": 0.10616239929199218,
                "z": 0.32413980102539064
            },
            "orientation": {
                "x": -0.5798041392163689,
                "y": -0.7931565020365771,
                "z": 0.18572790930251476,
                "w": 0.015331899125142198
            }
        }
    },
    {
        "image_path": "/workspace/tm_robot/hand_eye_data/image_20250722_053953_885048.png",
        "pose": {
            "position": {
                "x": 0.69979296875,
                "y": -0.08604462432861329,
                "z": 0.3183369445800781
            },
            "orientation": {
                "x": -0.655264134100196,
                "y": -0.7347290431281844,
                "z": 0.07710280762014682,
                "w": 0.15766199542994935
            }
        }
    },
    {
        "image_path": "/workspace/tm_robot/hand_eye_data/image_20250722_054005_565472.png",
        "pose": {
            "position": {
                "x": 0.5128671875,
                "y": -0.20402824401855468,
                "z": 0.3922272644042969
            },
            "orientation": {
                "x": 0.6660258275235313,
                "y": 0.7134404939702947,
                "z": 0.16079052982673372,
                "w": -0.14682868981590397
            }
        }
    },
    {
        "image_path": "/workspace/tm_robot/hand_eye_data/image_20250722_054010_573619.png",
        "pose": {
            "position": {
                "x": 0.34259719848632814,
                "y": -0.12721617126464843,
                "z": 0.44929739379882816
            },
            "orientation": {
                "x": 0.7199921903888764,
                "y": 0.6548748031887541,
                "z": 0.22957695319648075,
                "w": -0.006682850330450282
            }
        }
    },
    {
        "image_path": "/workspace/tm_robot/hand_eye_data/image_20250722_054017_432690.png",
        "pose": {
            "position": {
                "x": 0.31610540771484374,
                "y": -0.07634480285644532,
                "z": 0.395178955078125
            },
            "orientation": {
                "x": 0.7631978192369051,
                "y": 0.5878003051841275,
                "z": 0.2640974243121423,
                "w": 0.04767012071697849
            }
        }
    },
    {
        "image_path": "/workspace/tm_robot/hand_eye_data/image_20250722_054022_750846.png",
        "pose": {
            "position": {
                "x": 0.3536138610839844,
                "y": -0.11822389221191407,
                "z": 0.21293177795410156
            },
            "orientation": {
                "x": 0.5993988529381169,
                "y": 0.7510875355322527,
                "z": 0.2720939897335522,
                "w": 0.05053107771890747
            }
        }
    },
    {
        "image_path": "/workspace/tm_robot/hand_eye_data/image_20250722_054029_973590.png",
        "pose": {
            "position": {
                "x": 0.3665074462890625,
                "y": 0.03502640914916992,
                "z": 0.22640917968750002
            },
            "orientation": {
                "x": 0.6119449647916743,
                "y": 0.7618689232502931,
                "z": 0.18835081448033114,
                "w": 0.097995278131915
            }
        }
    },
    {
        "image_path": "/workspace/tm_robot/hand_eye_data/image_20250722_054037_463828.png",
        "pose": {
            "position": {
                "x": 0.3597712097167969,
                "y": 0.14250946044921875,
                "z": 0.20554261779785157
            },
            "orientation": {
                "x": 0.6907764482925606,
                "y": 0.6790482118905582,
                "z": 0.06873537563542548,
                "w": 0.238740177910648
            }
        }
    },
    {
        "image_path": "/workspace/tm_robot/hand_eye_data/image_20250722_054043_855732.png",
        "pose": {
            "position": {
                "x": 0.39710623168945314,
                "y": 0.21807284545898437,
                "z": 0.19128504943847657
            },
            "orientation": {
                "x": 0.6273917143682861,
                "y": 0.6824414479181236,
                "z": -0.08026815754796199,
                "w": 0.3663472803083073
            }
        }
    },
    {
        "image_path": "/workspace/tm_robot/hand_eye_data/image_20250722_054049_406862.png",
        "pose": {
            "position": {
                "x": 0.4998348693847656,
                "y": 0.28309475708007814,
                "z": 0.23417944335937502
            },
            "orientation": {
                "x": 0.7017569648153412,
                "y": 0.669940652092878,
                "z": -0.14880410867654217,
                "w": 0.1912433587017052
            }
        }
    },
    {
        "image_path": "/workspace/tm_robot/hand_eye_data/image_20250722_054055_108801.png",
        "pose": {
            "position": {
                "x": 0.6259815063476563,
                "y": 0.17099229431152344,
                "z": 0.18347360229492188
            },
            "orientation": {
                "x": -0.6619870406255176,
                "y": -0.6844235495719433,
                "z": 0.29783934197114614,
                "w": -0.06803888013045126
            }
        }
    },
    {
        "image_path": "/workspace/tm_robot/hand_eye_data/image_20250722_054102_712812.png",
        "pose": {
            "position": {
                "x": 0.6790048217773438,
                "y": 0.009006278038024902,
                "z": 0.17468786621093751
            },
            "orientation": {
                "x": -0.7165207356810679,
                "y": -0.6563814309696127,
                "z": 0.17090565668764324,
                "w": 0.16295001972847395
            }
        }
    },
    {
        "image_path": "/workspace/tm_robot/hand_eye_data/image_20250722_054109_268500.png",
        "pose": {
            "position": {
                "x": 0.6341965942382812,
                "y": -0.18503619384765627,
                "z": 0.22371832275390627
            },
            "orientation": {
                "x": -0.7645158741966458,
                "y": -0.5550868918535535,
                "z": -0.04720991414349501,
                "w": 0.3242919126346878
            }
        }
    },
    {
        "image_path": "/workspace/tm_robot/hand_eye_data/image_20250722_054116_780432.png",
        "pose": {
            "position": {
                "x": 0.37664089965820313,
                "y": -0.16614332580566407,
                "z": 0.5581433715820313
            },
            "orientation": {
                "x": 0.674777447535556,
                "y": 0.7280506252317495,
                "z": 0.09571490409933255,
                "w": 0.07386704630831065
            }
        }
    },
    {
        "image_path": "/workspace/tm_robot/hand_eye_data/image_20250722_054123_327098.png",
        "pose": {
            "position": {
                "x": 0.40052093505859376,
                "y": 0.12267496490478516,
                "z": 0.5845416870117187
            },
            "orientation": {
                "x": 0.7054114276502513,
                "y": 0.6914491064816131,
                "z": 0.1457607131734482,
                "w": 0.05519660661110275
            }
        }
    },
    {
        "image_path": "/workspace/tm_robot/hand_eye_data/image_20250722_054130_430978.png",
        "pose": {
            "position": {
                "x": 0.3768453979492188,
                "y": 0.26346823120117185,
                "z": 0.5348807373046875
            },
            "orientation": {
                "x": 0.6038946929438407,
                "y": 0.7622633059792715,
                "z": -0.016902146698329387,
                "w": 0.2323363286892605
            }
        }
    },
    {
        "image_path": "/workspace/tm_robot/hand_eye_data/image_20250722_054135_579213.png",
        "pose": {
            "position": {
                "x": 0.5075730895996093,
                "y": 0.26856384277343753,
                "z": 0.5326329345703125
            },
            "orientation": {
                "x": 0.7167582498587886,
                "y": 0.6670816274910581,
                "z": -0.08040349085890236,
                "w": 0.18653415821492242
            }
        }
    },
    {
        "image_path": "/workspace/tm_robot/hand_eye_data/image_20250722_054141_344048.png",
        "pose": {
            "position": {
                "x": 0.5849972534179687,
                "y": 0.2542872314453125,
                "z": 0.5379027709960937
            },
            "orientation": {
                "x": 0.7355861221614975,
                "y": 0.6678849758734977,
                "z": -0.04301291013574145,
                "w": 0.10484562674485981
            }
        }
    },
    {
        "image_path": "/workspace/tm_robot/hand_eye_data/image_20250722_054150_287509.png",
        "pose": {
            "position": {
                "x": 0.62965380859375,
                "y": 0.037581398010253904,
                "z": 0.554718017578125
            },
            "orientation": {
                "x": -0.6282140377914759,
                "y": -0.771472833783352,
                "z": 0.07409279666498306,
                "w": -0.0684620109139078
            }
        }
    },
    {
        "image_path": "/workspace/tm_robot/hand_eye_data/image_20250722_054154_915317.png",
        "pose": {
            "position": {
                "x": 0.6023084106445312,
                "y": -0.18524851989746094,
                "z": 0.561989990234375
            },
            "orientation": {
                "x": 0.720541057792253,
                "y": 0.6910724909766505,
                "z": 0.0479696737254335,
                "w": -0.030631791551001743
            }
        }
    },
    {
        "image_path": "/workspace/tm_robot/hand_eye_data/image_20250722_054158_813802.png",
        "pose": {
            "position": {
                "x": 0.38009539794921876,
                "y": -0.202072509765625,
                "z": 0.6506074829101562
            },
            "orientation": {
                "x": -0.7437288238041506,
                "y": -0.641931780595778,
                "z": -0.12515735555693638,
                "w": 0.13829917589784524
            }
        }
    },
    {
        "image_path": "/workspace/tm_robot/hand_eye_data/image_20250722_054206_990782.png",
        "pose": {
            "position": {
                "x": 0.2224378662109375,
                "y": -0.02343080139160156,
                "z": 0.6344406127929688
            },
            "orientation": {
                "x": 0.6278086883631333,
                "y": 0.7449013241156518,
                "z": 0.22542888966836078,
                "w": -0.012652424645133817
            }
        }
    },
    {
        "image_path": "/workspace/tm_robot/hand_eye_data/image_20250722_054214_727095.png",
        "pose": {
            "position": {
                "x": 0.3132439880371094,
                "y": 0.07783666229248047,
                "z": 0.6194883422851563
            },
            "orientation": {
                "x": 0.7370095928364533,
                "y": 0.639768281768626,
                "z": 0.1415872662582917,
                "w": 0.16573005684959158
            }
        }
    }
]